Pclass,Sex,Age,SibSp,Parch,Fare,Embarked,Survived
3,0,31.151975849855937,3,3,-15.751935928861435,1,0
1,0,44.916725250914915,4,1,64.76384314786901,1,0
3,1,22.75796169859479,2,2,-12.982429348868422,2,0
3,1,49.73086416259812,2,2,109.32383784560183,0,0
1,1,62.184573730669506,2,0,-21.955874110901043,1,0
1,1,24.920260153844772,3,0,-24.308589327750084,2,1
3,0,23.762964700389194,0,2,-46.880761231137654,2,0
2,1,50.34738267964781,0,2,8.069388758112929,1,1
3,1,52.11401004022997,1,3,-1.7844134143949972,0,1
3,0,22.679959619854245,0,2,-29.820806186124003,1,1
3,0,24.117384560658,2,3,129.50064610793268,0,0
3,0,26.0550154759529,2,2,57.9641541229456,0,1
1,1,11.17769284552012,2,0,52.19949245297887,0,0
3,0,17.138872749221225,1,3,109.8690565431484,0,1
2,0,15.94202926547105,2,1,44.556631810103795,1,1
1,0,19.250834088542202,0,0,-4.68532987375184,2,0
2,1,29.514411576585065,3,3,-51.310277383365175,2,1
2,0,33.27900625551129,3,3,-7.447812224826777,2,1
2,1,51.70700689939707,4,1,105.76536442491467,2,1
2,1,16.023043429656926,0,3,-29.511469668621842,2,1
1,0,43.78051357867217,2,2,49.30323466189596,2,0
1,0,27.004156180842873,3,1,82.66233201119233,1,1
2,1,29.30750806486594,0,0,45.98189718171933,0,1
2,0,39.44747289033245,3,0,51.55018311073859,2,0
1,0,14.281891698127819,2,2,64.12459173079789,1,1
1,1,35.35373644657671,3,0,50.58476271930982,2,1
1,1,32.33033091498279,4,3,110.84463445119081,2,1
3,0,36.894317696114086,4,3,-18.974294683152912,0,1
3,1,34.04836101470946,3,2,43.78081896510051,0,0
3,0,64.37420195875252,0,0,-57.09378126586023,0,1
2,0,21.071640220481576,0,0,-69.61356317214033,2,0
3,0,22.566042629974554,0,2,27.998119488252794,2,1
2,1,21.2760326300533,3,1,58.62559887829308,2,1
2,0,22.223320331756433,0,0,111.90272108464066,0,1
3,0,21.076580217708752,2,1,150.5697949175127,1,0
2,0,46.646231435505726,4,0,96.67317286260854,2,1
3,1,49.88705947185797,2,0,67.63112147550339,2,1
3,1,22.00955188750733,0,0,39.83827793291695,2,0
1,1,18.3470219765408,2,0,-43.0301750959855,1,0
3,1,36.599817789409656,0,3,24.84420631865188,2,0
1,1,22.268877380066403,3,1,95.22846081165306,1,0
3,0,38.86104544857715,2,1,76.01581094537399,2,1
3,1,32.8409222919182,3,0,-31.03037318746447,1,1
1,1,8.779582390038755,3,0,62.08725671566553,2,1
1,1,51.665072818620864,1,1,57.8912477815183,0,1
3,0,55.14228742333731,0,3,49.14461588562214,0,0
2,1,21.420958333218593,4,2,30.63507778651061,0,1
1,1,24.57217816089622,0,2,64.61361438026547,0,1
2,0,34.00211547014867,4,1,66.16833890670753,2,1
2,1,34.68239505981835,0,0,0.5685204938611399,0,1
2,0,39.21961981741963,3,0,54.29568900772268,1,0
1,0,58.1428635427289,2,3,22.719638103386522,0,1
2,0,27.522738815083308,2,2,-40.87445951956592,0,1
1,0,18.823838576461647,1,3,4.4812552831299755,0,1
2,0,10.689530807796618,4,2,-44.620794581925836,2,0
3,1,19.76697944081313,4,1,80.02458321843514,0,0
3,0,29.53622237976684,4,2,49.43857950016164,1,1
1,0,55.12381008924903,3,3,14.580960050908686,0,1
3,1,22.753441813493602,4,3,101.60554582114376,0,1
3,0,33.13303132294458,2,3,35.33155447147717,0,0
2,1,29.77007945498147,3,1,-38.12991504237685,1,1
1,1,46.63750582827318,0,2,10.46555153099326,0,1
2,1,65.3770539622307,4,2,112.00985517639131,1,1
2,0,22.56783717911551,4,3,-0.8043056293680237,1,0
2,0,23.14784780474489,0,2,45.48584314913368,0,1
2,0,44.618252278967006,4,0,68.44995460121729,1,1
2,1,39.54648085476836,0,0,60.907475743192194,2,0
2,0,55.85390256030447,3,0,152.02353014894692,0,0
2,0,38.17499459456349,2,2,-25.63885958924017,0,1
1,0,24.969910728981166,0,1,-20.74669094610735,1,0
3,1,38.26916762969233,1,1,-24.827967908004517,1,1
2,1,45.52185012816071,0,1,17.499997370172643,0,0
2,0,41.4867505367631,4,1,85.86949202094011,2,0
2,0,37.101836435502165,3,0,-18.554994410029046,1,1
2,0,44.93344565424815,3,0,86.554664791253,1,1
2,0,46.37013826623942,0,3,33.72120682645911,2,1
2,1,49.35022587452538,2,2,-22.34083796733526,2,0
3,1,39.08193842625499,1,2,-53.817127871824965,0,1
3,1,27.660346875564038,3,1,-42.850954196656986,2,1
2,1,32.05399161006652,4,0,-0.6268170034622855,0,1
3,0,46.891125531117,4,1,23.711592388577294,2,1
1,0,18.562900606178694,2,3,97.95708585979212,1,1
2,0,35.16142632422061,3,2,71.1553223972237,0,0
1,1,24.49325662741695,0,2,-9.108121351934813,0,1
1,0,30.402427521087446,4,1,52.024598885236244,0,1
2,1,47.89832607650219,2,3,112.92576719041978,2,0
3,1,32.67538695227864,3,2,123.82195363047173,1,1
1,0,30.650111674186082,3,3,16.59410543387377,0,1
2,0,10.962014026281132,3,3,78.95613305554508,0,1
1,0,40.44754992438109,3,1,100.10781297750336,0,1
1,1,39.03677853597506,3,0,-41.84652423574097,0,1
1,0,60.28556612627644,4,1,6.8920527291748535,1,0
1,1,25.69110471065799,2,0,140.78091798673992,2,0
3,0,33.068104587295146,3,3,17.249230604075713,1,0
1,1,33.49137157195057,1,0,-111.51861687035378,0,1
1,1,52.08434591668864,1,3,26.072871291050603,1,0
1,0,28.66586254658267,2,2,87.10664945667725,0,1
3,1,33.90630136078475,0,2,32.319011403243906,2,1
1,1,38.51055113603155,0,2,67.05283339323105,2,1
1,0,32.612527724189015,0,1,77.97287788513086,2,0
3,1,23.749929396292604,1,1,14.608064879818176,0,0
3,0,32.71725990057631,0,3,6.549743665695573,1,0
3,1,45.03084449803681,4,2,39.51860782175931,2,1
1,0,15.628785808245157,3,1,40.71116722356416,0,0
3,0,31.861575438056263,1,2,34.6497641725016,0,1
3,1,20.198308590851575,2,1,36.66266961144075,1,0
1,1,46.730652804947795,2,0,-4.678760596416161,2,0
3,1,8.675383333027153,3,0,68.76405859396645,0,1
1,1,22.175094138197764,1,2,61.362365408535354,1,1
2,1,35.28096625090329,0,3,-33.46440996513745,2,0
3,0,51.917336409280765,0,1,12.93104646278761,1,0
2,1,29.07949634497817,4,1,36.56091375443288,1,0
1,0,22.22720662629522,4,0,5.818662888467454,0,1
3,0,56.33619897216826,0,0,63.23122690180189,0,1
1,1,9.727805394172584,2,3,28.72275561560025,0,0
2,0,-0.7832833926811489,2,3,40.28455394330416,1,0
1,0,36.160202300746654,4,3,12.36524393332941,0,1
3,0,22.971240859063442,3,2,-65.66772234712012,1,0
3,0,15.702740560170014,0,0,-68.46706775656003,1,1
2,1,39.91699026219095,4,2,60.89086778790934,0,1
1,0,33.41320999279678,4,0,45.078691747980315,2,1
3,1,22.102899169685802,0,0,53.49444811120314,2,1
2,1,12.075738418607479,0,1,38.589169261082745,2,1
3,0,42.214402595922024,2,0,42.51380276530221,1,1
3,1,39.10281649142125,3,0,79.48214530732062,1,0
1,1,28.61153790708864,3,2,53.78634924766921,1,1
3,1,55.852917944667325,0,0,83.00455816499954,0,1
1,0,15.018813271433864,1,2,40.401630220103264,1,0
3,1,8.642647607053657,4,3,17.28129471453122,0,1
2,1,20.31328702166258,4,0,41.51594024565605,0,0
3,1,29.36179577102303,0,0,-8.972716192877542,2,1
1,0,33.40675229051769,1,2,13.387500483316462,2,0
1,1,26.62269519001138,2,3,40.70099412336181,2,0
2,0,34.928775551200154,0,1,40.05159826314957,0,1
3,0,12.478448061333783,0,3,26.785474879853567,0,1
3,0,50.21270445702564,4,2,-36.02105079853612,0,1
2,0,28.849883502504035,0,3,63.184067774615,1,1
3,0,45.64214164223379,0,2,72.87719192337792,0,0
3,0,34.798154849287855,0,2,112.5408342673597,2,0
1,1,36.39454506815297,4,1,53.64702383284782,2,0
3,0,37.976741923250856,2,0,32.07162987538266,0,1
3,1,36.26791984024241,2,2,-17.638445970897344,0,0
2,1,38.99811863814561,0,2,105.10887559869172,2,1
2,0,48.608135421854044,4,1,44.143815866827154,0,1
1,1,32.75129637582058,2,2,41.47528551744737,2,0
3,1,39.926052606239175,2,0,19.55124628923625,1,1
3,1,28.743700279978825,2,1,16.41949124469176,2,0
3,1,50.16164101629262,4,0,65.72506996849148,1,1
1,0,20.530507771170225,4,0,-18.050590510271007,0,0
1,1,55.21316606075142,0,1,111.64616109878023,0,1
2,0,29.437788690979193,3,2,100.96879641938023,1,0
1,1,9.969148570347325,2,0,14.650984203512625,0,0
3,1,31.79346180875105,3,0,-10.329363727779082,1,1
3,0,20.46527679535167,4,0,-66.7450934294153,0,1
1,1,41.769009685842136,4,0,-29.31927975172711,2,0
3,1,20.863264289766526,4,1,67.76566315126084,0,1
3,1,23.753431934993085,3,1,47.451751086132035,2,1
1,0,3.5464297667625644,4,3,56.18902469999831,2,1
1,1,23.667711530512925,0,3,-58.43340213088392,1,0
3,0,-3.934310572805394,4,0,12.605034614969451,0,0
3,1,7.825360471199872,1,2,98.99636750782204,1,1
3,0,40.64580518602016,3,0,27.294657139351685,0,1
2,0,41.001202221111654,1,2,-30.342441996575275,2,0
2,1,35.956405864989506,4,0,26.531485788697836,2,1
2,1,16.46233399619102,0,3,-5.779853499897236,0,0
1,0,29.332041014012283,2,3,48.35027393732446,0,1
2,0,29.94956445273204,4,2,33.006723565498035,1,1
1,1,13.7828943513044,0,0,58.621536540032245,0,1
1,0,51.04757622474011,3,2,-27.678257711490517,0,0
2,1,42.2830720680594,1,3,10.012888135410158,0,0
2,1,26.906501566384705,1,0,85.43128272855634,1,0
2,1,30.37640174592343,1,0,-34.3597226673386,0,0
3,1,32.917359311265734,3,2,-17.152488785958944,2,1
2,0,1.415711842059931,0,1,41.76556818961114,1,1
3,1,26.539516644711643,3,2,46.04976211510578,1,0
1,0,20.45222052803082,1,3,8.046357705604287,2,1
3,1,15.977319861471184,4,3,18.35678875069635,2,1
2,0,26.064595899596632,2,3,58.12805251622644,2,0
1,1,55.167611375893316,3,3,73.63211508623351,0,1
1,0,38.971800057738136,3,3,-20.3918615991982,2,1
1,0,22.003494143040847,0,1,49.85165651076956,0,0
3,1,38.01615893898622,0,0,106.08878400028038,1,1
2,1,49.59097611220403,3,2,26.3212889933045,1,1
1,1,42.944871560778765,1,2,-20.912118535637433,2,1
1,1,30.834825178882436,2,3,-23.178503532533597,0,0
1,0,20.942885112121964,0,2,24.123865375718673,2,0
3,1,39.77512639059026,1,3,82.7565179385133,2,1
3,0,35.50879539590449,4,1,30.002963357515565,0,1
2,0,42.532705080388254,0,1,41.27236701539046,2,1
3,1,38.89240522354757,1,0,-16.82074242651639,1,0
1,0,44.693738014470696,1,1,80.17276401585083,2,0
2,0,22.506707038152047,2,1,-24.137269987102385,0,0
1,0,48.44351691888056,2,0,7.279672270689979,0,1
1,0,32.766394465693594,4,2,62.86582824026841,1,1
3,1,59.05365221675372,1,3,-67.93214341767667,0,1
2,1,20.35137054674605,1,3,40.52409633459969,0,1
3,1,54.303493244313486,2,2,-18.914604753197274,1,1
3,1,32.77075096847707,0,0,32.810920546546555,2,0
2,0,20.880147949397724,0,2,14.749275222115113,1,1
1,0,23.2255983232395,3,1,135.18590644207592,2,1
1,1,25.51513768527952,2,0,12.737061729204587,1,1
2,1,35.93832324962683,3,0,122.28991727128378,2,0
1,1,37.319696832496994,2,0,60.76066226798537,1,1
2,0,21.968199944859894,4,3,-7.2714895657566885,2,0
2,1,29.65903570834624,1,2,48.209735337728084,1,0
3,1,59.99178502056609,4,0,17.083922429447224,2,0
2,1,54.18560438140996,2,0,43.86571704632046,1,0
3,0,36.10853137543645,1,0,-2.980658384230061,0,0
1,0,30.532048694354803,0,2,114.81870403395192,2,1
1,0,31.680438574055657,0,3,77.3445064490395,1,1
1,0,38.58925161822583,3,1,33.55729683991795,2,0
1,0,15.680904087222322,2,3,116.72662363540717,2,0
3,0,26.396728476073168,2,0,35.63968296005958,1,0
1,0,6.639822965713748,0,3,85.78362327819706,2,1
2,0,35.58912371647391,4,3,33.8767287885988,1,1
2,1,39.060743155838374,1,1,51.30049214571835,0,0
2,1,23.235389527808763,4,2,28.009499733803803,2,1
3,0,52.03581468606046,4,2,36.669766339822914,0,1
1,0,12.839280717967224,0,3,40.35606115901195,2,0
1,1,9.498751677062518,0,3,-0.8168597919312859,2,0
1,0,33.14232545983961,0,2,12.347635320768699,2,1
3,0,44.65937623657017,3,2,21.37900419217758,1,1
2,0,53.57498768041016,4,1,43.255839823312535,0,1
2,1,23.57562031983484,2,0,30.501628044330104,2,0
1,1,45.101531668038135,1,3,89.47859415745964,1,0
2,1,29.4608814269901,3,2,73.5087976300024,2,0
2,1,27.583217800828525,2,3,22.37994975475675,1,1
3,1,42.371239124813414,4,3,99.70741097514502,2,1
3,0,39.13252029778788,0,2,123.7780105551974,0,0
3,1,7.930509802220509,4,1,-68.14748845118373,0,1
3,0,50.671564896162536,1,3,77.68221416824768,2,0
1,0,49.321278958064326,3,1,-1.9562256692434516,1,1
3,1,21.242122178866587,3,2,71.23665304484166,2,0
2,1,35.54124946812372,1,0,92.67365909167516,1,1
1,0,36.916422607958346,2,0,-10.972637131017045,2,1
2,0,33.6494327215347,2,3,-58.76402785177227,1,0
2,0,22.29572784616412,3,2,72.93627032257739,0,0
2,1,20.597272848867277,3,1,38.634721641696956,2,0
3,1,29.642243006119767,0,3,-49.753498941228784,0,0
3,1,46.418206269631106,2,2,155.9486607676783,0,0
1,1,37.61040216432205,1,2,62.59655120057105,2,1
1,1,24.811399350794517,2,1,64.83490196613246,2,0
3,0,40.80378194907683,0,3,98.92506987554037,1,0
2,1,-9.879596688821053,3,2,3.5396263105214025,1,0
1,0,46.08271980520945,3,2,38.39225149234516,0,0
3,0,5.644007097106606,0,2,-32.64677377520839,1,0
3,0,24.92582682035615,1,1,2.210526083025961,1,1
3,1,14.324621475233986,3,3,50.89734002299265,2,0
2,1,11.874459339907318,4,3,-49.59894868949016,1,0
3,1,46.25157502329927,3,3,0.8218122617740242,0,0
3,0,23.452183181633522,4,3,-13.468764036948315,1,1
3,0,34.85105434423002,0,0,38.962520035396906,0,1
3,0,29.343111895691422,0,0,60.16036182160208,2,0
1,0,36.6785715811237,3,3,68.36548741444639,0,0
1,0,31.075506474843575,2,1,80.94201559412939,1,1
3,0,12.038108861360026,4,0,99.23372548204618,2,1
2,1,43.947735472259964,1,2,61.75502723048689,1,1
1,1,23.087407835741626,3,0,124.47945904582635,2,0
3,1,8.207853418763484,1,2,37.85562354196942,2,0
1,1,24.006387746477223,3,3,23.50726344172316,1,1
1,0,51.01063706888036,2,0,61.75806080464196,1,0
2,0,41.903104389588904,2,1,21.395852425363152,2,1
3,1,25.11887011828997,2,0,122.77567170997743,2,1
3,0,25.110392139541997,2,0,87.41819018362538,1,1
2,1,25.497109282956643,0,0,68.7636290657762,0,0
2,1,59.07447176985177,0,3,38.43954785802619,1,1
3,1,35.347096331241744,4,1,12.03361860067172,2,1
3,0,36.02058306067497,1,0,66.36492522382022,1,0
2,1,44.42396835644579,3,1,-23.227775140500988,0,1
1,1,33.34304822637119,3,3,107.18381313861,1,0
1,1,26.373409958510155,0,2,23.2958014361167,2,1
2,0,27.251102112810305,3,0,46.95022992879573,1,0
1,0,28.997582368203105,0,1,-12.57045273347115,2,1
2,1,29.478888688862217,4,1,67.42632689284184,2,1
1,0,40.18681361091772,1,3,9.766660970921897,1,1
1,0,30.727242401302192,4,0,63.812210724949814,2,1
3,0,40.256961081018105,2,2,69.11227997989207,2,1
3,0,28.869967878479848,2,1,0.2660264341615175,0,0
1,0,31.100892664425267,2,0,-23.052926924785744,0,0
1,0,2.025190416550494,4,2,107.06309591068269,0,1
3,0,42.82858744583474,3,1,22.577347332574988,0,1
3,0,34.850838662571896,1,1,43.017591986236276,2,1
3,0,43.97214153803513,2,2,55.78776170769035,1,0
2,0,-10.547575294711649,2,2,-29.4313063650128,2,0
1,1,59.23724586693018,2,3,54.670640704174495,2,1
3,1,28.04574520582757,1,0,36.85720027157722,2,0
1,0,45.514559434325236,2,0,0.46699581248483213,1,1
2,1,15.441317020242568,1,3,-24.67026325704873,0,1
2,1,38.57883467087598,2,1,61.688391849906225,2,1
3,0,15.252182115568814,4,2,87.2578884015491,2,0
2,0,21.267234550258728,4,2,40.750935352247346,0,1
1,0,56.796438954135006,1,2,-38.28880175063466,2,1
3,1,27.33044638931315,4,1,-19.809308041561785,1,1
1,1,33.04406022451612,1,2,10.825938243121367,2,0
1,0,42.18094822964256,4,2,108.66636731687674,2,0
2,0,36.93954643161646,4,3,19.909217557155095,0,0
2,0,32.10586467201007,1,1,9.040122782888208,2,1
2,1,35.109454034527154,3,0,-50.00075518412963,2,0
2,1,63.64781819333585,4,3,-0.17755471539544487,1,1
2,1,29.193336841529806,2,3,-28.413881345550685,0,0
3,1,32.815386654009544,3,0,-17.155811715217197,0,1
1,0,44.709161544106564,1,3,37.87758332777838,1,0
1,0,45.47736306141177,3,1,12.342953925052313,2,1
1,0,46.61842427784532,0,2,115.27522818089595,0,0
1,0,38.942223108408584,0,1,84.82216526266636,0,0
2,1,13.997931221773229,4,0,2.1646870472933983,2,0
1,1,52.868041452215344,4,0,-12.924074245285233,2,1
3,0,13.951164497738368,2,3,99.74945484754545,0,0
3,0,34.236896513346466,3,1,113.34208198469067,2,0
1,1,19.44013809972899,0,1,-75.51816393373107,0,0
1,0,29.102063147698104,4,0,36.55002357461337,2,0
3,1,34.602673744248726,3,1,19.657962913060366,2,1
3,0,34.49900101630382,4,0,63.806886862936906,1,0
2,0,35.906890559293984,4,1,127.1907380839137,2,1
3,0,52.591957766821054,0,1,8.281206052937886,1,1
2,0,36.34948022119572,0,1,-68.9742272185318,2,1
2,0,26.58180710593092,4,0,60.37137730731392,0,1
2,0,43.497220356037005,1,3,100.10823936160592,0,0
2,0,46.65258684494496,4,1,17.115770705531038,2,1
2,1,12.813490588082104,4,0,-2.546836526843393,2,1
1,1,38.36360097789802,2,0,10.57428913649273,0,1
3,1,39.816418392352574,2,1,73.66006298943051,2,1
2,1,25.834110952960113,2,1,9.731413877035958,1,0
3,1,49.25989538636267,1,3,48.10925471679943,1,0
3,0,27.899221781544625,1,0,33.36234287125706,1,1
2,0,31.758070348601592,4,0,28.306398991284464,1,1
1,1,27.576994460025826,2,2,66.3633240108594,1,1
2,0,30.218106666140546,1,0,8.549584906654477,2,0
1,1,14.652148783467174,0,3,10.90125855106833,2,0
3,1,9.839287643679878,4,2,71.08253964998795,1,0
1,0,52.32307088514961,3,2,-16.359340884263972,2,0
1,0,18.14254112354341,4,2,-11.13078935029403,2,0
1,0,16.1205071076117,3,1,-29.755400275836074,1,1
3,1,-0.14746159045200713,2,1,73.60153475055111,2,0
3,0,21.054535532346968,3,0,26.84338856401789,2,0
1,1,11.476742892295022,2,2,-32.367142157874255,2,1
1,1,52.98821224190917,0,3,73.83661955314436,1,0
2,1,44.137439250796874,3,1,4.778434082803656,2,0
1,0,20.365895167511866,4,3,-10.712225863007383,0,0
2,0,61.53410127482032,2,3,22.411750615029355,0,1
1,1,43.74471681788232,4,1,104.45745686392668,1,0
2,0,25.452360630879284,1,1,12.646852371668057,0,1
3,0,-4.99168000823002,2,1,60.19160434166364,1,1
1,0,62.07319601627039,3,1,67.62692100209674,0,0
1,1,10.545985465309656,2,2,53.720391602313896,0,0
1,1,6.964417542603513,4,2,94.28251083403885,0,0
1,0,44.31598604813496,0,2,-2.648684226981672,1,0
2,1,64.15653368874982,2,2,-19.123407309466472,1,1
1,0,49.37981945914726,3,0,-20.085366145224747,2,0
3,0,37.894727680733034,1,2,24.92104765031013,1,1
3,0,38.326560783314,0,1,-14.405286234185922,0,1
1,0,41.94781782292431,1,3,39.229504681401096,0,1
3,1,40.62500025701471,2,2,35.772432566519775,1,1
1,1,33.93667993557126,4,0,81.910091856116,1,1
1,1,31.458815455326263,4,1,46.26607110356596,1,0
3,0,29.123696209406685,3,3,11.608559062789038,2,1
1,0,19.444495755866534,4,3,52.13161101720146,0,1
3,0,26.070548923865164,0,2,-18.47950697499909,2,0
2,1,6.2986046012646035,4,3,30.131106286808453,2,0
1,0,28.6232452248735,3,2,47.65066044618345,0,1
2,1,16.159724499887155,2,2,38.336562309356204,0,1
3,1,14.549749558979208,2,1,52.33818965186322,1,0
2,1,32.5185181161487,4,1,0.4417452300732272,1,1
2,1,49.48803200882439,1,0,88.44953873766627,2,0
3,1,42.85643248403238,2,1,121.28627852038963,1,0
2,1,8.012991549275522,4,1,-46.531131098071114,1,1
2,0,16.145206088015275,3,2,-27.564301801758162,0,0
3,0,43.170796631835024,4,1,34.11106739319489,0,1
2,1,16.245176490463663,2,2,19.42900195290918,1,1
3,1,26.855135900041656,3,2,124.92420788286633,0,1
2,0,37.700729386343724,4,1,42.76943184779859,1,0
3,1,16.443177631909105,0,0,100.23471743257191,0,1
3,1,31.475257086043438,3,0,-68.4070704362264,0,0
2,0,11.323643071145138,0,3,71.89430468328524,0,1
2,1,21.58085298468301,1,3,-3.0603241436577306,0,1
2,1,34.47694707799552,3,1,-3.8455859113632087,1,0
1,1,7.6980877305566295,0,0,19.830456705805922,2,1
1,0,36.166646331445584,2,2,-37.80459834682351,0,1
1,0,29.725070815026463,2,3,53.69649074077077,1,0
3,0,37.734859361840066,1,2,41.345033369122945,1,0
2,1,33.13479787690526,3,3,45.04342016117625,0,0
3,1,49.097966019633816,3,1,75.4645200845124,2,1
1,0,31.7531430370707,3,0,106.22432026351355,0,0
2,1,23.98832242424646,1,3,14.178158594710183,1,0
3,1,31.71216504245197,3,0,55.39018134708721,2,1
2,1,37.60617240650943,2,2,46.35642220841399,1,0
3,1,30.68404098455986,0,1,50.50311081011804,0,1
2,1,30.568283676854353,2,0,51.23728555883319,2,1
1,0,20.172116370705425,2,1,109.9346638836771,1,0
1,1,20.719387154286725,0,0,9.475833444024612,1,1
2,0,10.36352619480429,2,2,-42.76105925698043,1,0
3,1,54.49407440461715,1,2,-2.1958146621784778,0,0
1,0,12.585914704522008,0,1,69.10607974323486,2,0
1,1,20.299327230857298,2,2,33.14314592371168,0,0
1,0,19.94229828203124,4,3,9.087632315745196,0,1
2,1,42.528941277222174,2,0,-20.74836615207245,0,1
2,0,25.87070450391161,1,2,42.8430199647961,2,0
3,1,47.46838901743227,3,3,63.580807488416646,0,0
3,0,20.57113126058584,2,1,46.98773069970538,0,1
3,1,33.90591827113323,3,3,19.586813773407634,0,0
2,0,18.3051412543634,4,1,39.185422930575655,0,1
2,0,60.03208778882744,2,1,38.90130536131335,1,0
3,1,13.37362213358682,0,0,41.29514962966546,0,1
3,1,34.33748994317838,3,0,-26.030942599936886,1,1
2,0,38.872876333049376,4,3,41.66899118012901,0,1
3,1,35.79318736432097,0,0,10.410773045156471,2,0
1,0,27.405972775712083,0,0,82.99031169447818,1,0
2,0,28.182510203732033,0,0,38.51301344576343,1,0
3,0,30.613360607707534,0,3,72.93848186932172,1,0
2,1,27.94197197720116,2,2,17.212712034562138,1,0
1,0,43.494307635128735,2,0,18.980021957038538,2,1
2,0,60.94732202227892,2,0,105.21831106656026,0,1
2,1,22.19511500989033,4,3,53.38042423235991,1,1
2,1,10.82275828589291,4,2,-3.011212087881198,2,1
2,1,28.764051323082434,4,0,75.95174749240326,1,1
1,1,66.11593072716046,1,1,5.868068062034332,0,1
2,0,18.74855604842377,4,3,43.05920875276463,1,1
2,0,52.94763527621694,2,0,121.99705691211084,2,0
3,0,53.48781139707017,2,0,-38.132836994264665,0,1
2,0,22.249764616088076,1,1,23.386685833439714,2,0
3,1,37.965763108593855,1,1,52.00531040419949,0,1
1,0,52.797552723799534,4,3,69.47021839856903,0,1
1,0,24.69221162617518,3,3,-28.820461460682765,0,0
1,1,27.149874958566937,1,1,-43.25372316017588,1,1
1,0,21.85646720471899,0,3,85.44671824753088,2,0
3,0,15.793405770299863,2,1,-3.300327983388037,2,1
2,0,20.9101143690759,0,0,-5.3518428918684435,2,0
1,0,12.864836265328407,2,1,107.96223396583616,0,1
2,0,30.477168555629166,2,1,35.4154134218593,1,0
3,0,19.220374765179017,1,2,35.73567315639714,0,0
3,1,33.273002765070466,1,1,23.189827187574913,2,1
3,1,8.217460953149217,0,1,-27.97512127041533,1,1
1,0,34.6323232510024,2,2,65.10915052032502,1,0
2,0,41.66940546252495,0,3,52.06307557435555,1,1
2,1,2.087701003999623,3,2,40.2658749416322,2,0
2,0,35.23679197786601,0,0,26.30017107546336,1,1
3,0,47.18736589462609,4,2,17.676337182423943,1,0
1,0,13.065025738323122,0,0,76.71168608782332,0,1
3,1,53.416013415727846,4,3,25.076639902901345,0,0
3,0,35.86626613112463,4,2,28.861009111839433,1,1
2,1,20.129834019382276,4,2,57.9647645893049,1,0
3,0,29.219232912792116,3,3,42.19008560333892,0,0
2,1,37.816576775304114,0,0,112.47152681948148,0,1
1,1,31.064075479773763,0,2,-54.30697209619191,0,1
2,0,37.54258389424917,3,0,46.69546447999589,2,0
1,1,17.110569696888874,2,2,-2.5746832431362847,2,0
2,0,32.37105153650509,1,1,-14.162240202991534,0,0
3,1,10.207997043330277,0,2,9.603853903826963,1,0
3,0,28.442835141118195,1,3,34.67929101560632,0,1
1,0,17.345293019492942,3,3,36.854384720247076,2,0
1,1,19.702580803743267,2,0,-42.34800456824617,1,0
1,0,47.305304452946125,2,2,5.486892345786849,2,0
2,0,45.27834168831977,2,0,45.7798560223465,1,1
2,1,38.52793369270048,3,0,-10.969592088399068,2,0
1,0,14.707621294583895,4,1,-22.62441133110925,1,1
3,0,25.570281704272773,4,1,-78.55048306715427,1,1
2,1,46.98336779970857,1,3,-0.49647897039258027,1,1
2,1,31.984036790958665,4,0,-24.33183074858988,1,1
2,0,62.47061355974372,4,3,-16.212711272392838,2,1
1,0,35.5064497515212,2,2,18.680805139296993,2,1
1,1,32.68868763086044,2,0,2.608385049398006,1,1
1,1,25.67236950116498,1,0,-25.145656799106,1,0
1,0,31.869572666951953,0,2,-71.67623669642812,2,0
1,1,27.865422290672385,1,2,46.81325395223449,1,1
3,0,39.913521473640266,1,3,68.88853347661517,1,0
3,0,43.393832435124175,3,3,12.559496029275692,1,0
1,0,18.996147552888708,3,2,18.97699087374042,0,1
2,0,11.362738650191108,1,3,32.137715268620035,1,0
1,0,4.293124776553849,1,2,109.36039525400034,0,1
3,1,37.11187857677561,1,0,-44.817681897462776,1,0
3,1,14.552867513565769,4,0,11.690003432244094,2,1
2,1,-0.14046830133476007,3,1,-52.376675242503254,0,1
3,1,35.440100463433495,1,0,49.75360447804239,0,0
1,0,64.90199324405907,2,2,24.946038704387448,1,0
2,0,29.915007238441493,2,3,41.9466135338678,1,1
1,0,41.73887084232299,4,1,39.50300556696275,0,1
1,0,31.14561101966591,4,3,80.54470443147228,2,1
2,1,28.615544855324003,0,2,58.368515263854825,2,0
1,0,42.86707076182876,0,0,72.69488992534428,1,0
3,0,25.93615638135888,0,1,-20.211199804950255,2,0
1,1,33.74349239700664,4,2,90.46537238378208,2,0
2,1,34.50376928674419,4,1,-3.3957742349609745,1,1
2,1,20.64673364899732,4,1,-0.5786075885750535,2,1
2,1,43.888592893511316,2,0,45.271286290296736,1,1
1,0,27.550563406264278,4,2,46.79399488941454,0,1
2,0,19.419567767100176,2,3,-20.520983309391454,1,0
2,1,37.51113780998565,0,1,23.509314703079053,0,1
1,0,17.42144825492548,0,1,104.92353052660432,0,1
3,0,30.394536203167796,0,3,-39.94849151517066,2,0
1,0,29.872334046981152,1,2,104.7757428096236,2,0
2,1,45.20253792164209,1,1,20.156775880592,2,1
2,0,36.64577526031934,3,1,-82.54998683832251,1,0
1,1,29.649622577567985,3,1,-34.969854940662415,2,1
3,0,41.44872818880402,3,2,-15.210399349024478,0,0
2,0,49.46290568624239,1,2,1.427464261645632,2,0
2,0,37.80934428892607,1,3,26.869050327358437,2,1
2,1,30.14493667780733,3,2,-100.47052635831702,1,0
1,0,11.634292747097767,3,2,41.15341523140502,1,1
2,1,15.088408716944784,4,0,-19.699434907919326,0,0
3,1,25.726854139034653,3,3,100.13560600845187,1,0
2,1,21.466829169770037,4,1,18.761340683545257,2,0
2,0,27.382401758203756,2,2,78.19946241490376,1,0
3,0,30.7930989485595,1,1,86.40710001580037,0,0
2,0,37.41569856099423,3,1,85.08038892984462,2,1
1,0,29.013017107172722,1,0,4.246069594838204,0,0
1,1,36.811023013566825,1,2,3.6191922716551375,1,1
1,1,30.902641807341684,1,3,20.976308334872563,1,0
3,1,2.343468071045802,2,2,63.17563139356735,0,1
2,0,16.84930448653744,0,1,6.975931782046029,2,0
1,1,27.982774219897383,3,3,26.156138794077858,1,1
3,0,13.064273600224496,0,2,45.40609700063304,1,1
2,1,38.399002219946865,0,1,-12.339704376345466,2,0
3,0,51.43051165281176,0,1,-15.437306128126764,1,0
1,0,47.06266592376244,1,0,24.245069811204463,0,0
1,1,27.011799806977088,4,0,30.734761932630438,1,1
1,1,50.87016591589933,1,0,53.26038852008051,1,1
3,1,32.081344400829565,1,1,64.92244217262623,2,0
3,1,25.28079640434745,0,2,-21.854078208010783,0,0
1,0,21.412362710426844,1,0,-7.792161665234673,2,1
3,1,25.765424389166203,0,2,-15.566862090591997,1,1
1,1,24.565524540422796,4,0,101.20992267797965,1,0
1,1,32.38582711325683,3,3,26.106741080075764,2,1
2,0,32.24803573469811,0,3,32.790335467006024,2,0
3,0,30.0426442821478,4,0,34.83094383666213,2,0
1,1,36.117134376448895,3,1,-3.0678306721643267,0,0
1,0,46.66904784700878,2,0,108.6492064283555,1,1
3,1,43.29375789617853,0,0,52.140306086117675,2,1
2,0,9.21142844170135,0,1,33.9399359591195,1,1
2,0,-5.754895888627367,2,3,-22.157564636377735,0,1
1,0,43.08047875734983,2,2,-24.934692091155995,0,0
3,0,10.863698222184105,0,0,16.86353095131735,0,1
2,1,26.85328437350243,2,1,-2.299597885019665,0,0
3,1,13.618417635168967,1,0,-20.304772931781045,1,0
3,1,4.772273873879726,3,1,13.823057040993792,0,0
1,0,37.580478194867034,3,2,21.39502661448143,0,1
2,1,40.62817224423706,3,2,38.94748560255322,2,0
1,1,21.92885438982593,1,3,7.307945902661114,0,0
2,1,-6.27459209002874,2,1,-17.372434038341524,2,1
2,0,22.35257772446524,4,1,-15.673123413571105,0,0
2,0,35.485256075635654,2,3,91.43566373208321,0,1
2,0,9.295238037162196,0,3,-29.336126631725378,2,1
2,1,32.56703887690818,3,1,49.79593261627224,0,1
3,1,29.785662111578063,2,3,57.457770158945394,1,0
1,1,38.11008099441524,4,2,26.057501684052227,1,1
3,0,31.674125157798144,0,0,118.62362386185376,0,1
2,0,16.37703482765822,1,2,56.58423065835726,1,1
1,1,46.75200102330288,1,3,122.30224936692787,2,1
2,0,27.78058597762242,4,1,0.09786390617125562,0,0
1,0,29.617736446860953,0,1,0.9366749152224934,0,1
3,0,16.934248572975257,3,2,57.849320775320734,2,0
1,0,23.794048483318853,2,1,19.188183771359064,2,1
1,1,17.612762003623388,0,3,114.59760581970886,2,0
1,0,27.578755161072078,1,2,48.74331879791593,0,1
1,0,53.96391872199281,4,1,-19.184136772979066,2,0
1,0,10.793383998961012,4,0,-53.10400401865725,2,1
2,0,7.410140429725622,2,0,28.166308975180034,1,0
1,1,50.596384584910524,4,3,27.632966652871556,1,0
1,1,27.069468519873872,4,1,47.37453024211099,0,0
3,0,20.632981658761167,0,3,91.32383811403923,1,1
1,0,44.55866562354507,3,2,84.87655189570245,1,0
3,0,21.521382443683905,2,0,3.6338494155147956,2,0
2,0,55.5641359896571,0,2,-31.397150688416644,2,0
1,0,39.49096219874977,3,1,-28.47193561544445,1,0
3,0,23.169240285960164,0,3,-4.103283560747549,1,1
3,1,60.20231498571705,0,3,14.030154146088062,1,0
2,0,21.519991077953264,4,3,46.94804480929318,0,0
1,1,40.3893352081303,3,2,-7.247412247903007,0,0
1,1,34.190096125690886,2,0,45.739206584552406,0,1
3,0,48.22437805158317,2,2,49.739967147093544,1,0
1,1,51.86115675417594,3,2,39.02385024719858,1,0
3,1,30.44805808692073,4,1,-23.302526853622062,0,0
1,1,19.452149815153433,1,1,54.923509536561944,0,0
3,1,36.43961000114763,0,1,133.98221180956943,1,1
1,1,20.511984823470513,4,0,44.04894451873233,2,0
2,1,58.18742146537272,3,0,-112.70067993191222,0,0
1,0,31.911494635158324,0,1,92.80309903029823,1,1
1,1,24.88549828163048,2,1,-2.434641058269939,1,1
2,1,32.585524282108715,1,0,143.01992183428894,2,1
1,1,11.140231946584251,2,3,37.70180911693206,1,0
2,0,16.397403460850878,3,0,-50.55033400530546,1,1
1,1,46.80579471122196,0,0,-69.17017700797886,0,0
3,0,20.80348009440046,3,0,107.44729737111805,0,1
3,1,15.343246242452846,0,1,86.18934430994635,2,0
1,0,37.513138535382005,4,3,141.07492540256783,2,1
1,0,46.59985816528196,1,0,32.535299793104215,1,0
1,1,40.065346349310936,4,1,29.230035714395658,0,1
3,1,43.94466760128143,4,2,13.246779184230686,2,0
1,0,19.404868760027547,3,2,-0.2562218217018142,2,0
3,1,10.09465066561419,1,0,12.770951831567032,2,0
2,0,51.01867112737681,0,2,42.65570328387744,1,0
3,0,25.482482256210098,0,3,-9.351138558692988,0,0
3,0,26.488337769629336,2,2,-49.79517799682519,2,0
2,0,48.59471798588681,0,2,39.8339550666947,0,0
3,0,37.78722013160924,3,3,-10.443584335978166,2,0
1,1,36.38242880914251,4,0,-126.73244852206338,2,1
1,0,60.31003282861518,4,0,59.07580214219354,0,0
3,0,20.990744774678,4,3,-22.29489286773439,0,0
1,1,42.98976179313732,1,3,64.42768327984601,0,1
3,0,30.798183748559183,0,3,63.254557219283086,1,0
1,1,33.7602919040856,3,2,45.895910564618816,2,1
1,1,51.39855796977544,1,3,154.34407417746831,1,0
3,1,37.109700588054736,2,1,25.235459351353505,0,1
1,0,37.53614510669486,3,2,18.00366119256917,2,1
3,0,45.01510272233723,3,0,65.49994864942894,1,0
1,0,24.890661786399605,3,0,29.283079256424156,2,1
1,1,18.251064657253913,4,0,88.86418333230645,1,0
2,0,15.37267128370553,3,2,-30.171489471200587,0,0
2,1,2.4710077487359747,0,1,-29.356547925752658,1,0
3,0,58.78689981916451,3,3,69.52466507498465,2,0
2,1,14.555082879896435,4,3,-25.075736027591567,2,1
3,0,26.90244926979919,3,0,61.845831715693,2,0
2,0,26.12461380155511,2,0,50.130139464307916,2,1
1,0,34.30369376932741,2,2,-2.0299260153554997,0,1
3,1,41.420320975550155,4,1,49.99133785143827,1,0
3,1,42.04662883703644,0,3,-28.49502984342773,0,0
1,0,21.836915860034864,0,2,-16.995096386921325,0,0
3,0,27.66029600699024,1,3,20.37780081780877,0,0
3,1,33.95611930683619,4,0,35.867463134538816,2,1
2,1,26.51832423343034,3,3,17.12171168759497,2,0
3,1,52.5028380642799,4,1,53.222682229782436,2,1
1,0,36.87364932293552,1,1,51.03485433736627,1,0
2,1,40.28828900469745,4,0,106.93897360905908,2,0
2,0,39.28033776134378,4,1,27.331017989894782,1,0
1,1,46.428634004794546,1,1,90.53360812802231,2,0
1,0,32.5343018218519,0,2,77.11555013180077,2,1
2,1,11.844352728618148,3,3,144.40488688136423,0,1
3,1,35.59563132453698,1,0,25.76435702478856,0,0
2,1,20.881003486914395,2,0,11.402422648803576,0,1
1,1,22.599366455503404,0,0,93.62701688994292,1,1
2,1,38.20909626257131,2,0,50.88619601532184,1,0
1,0,47.335963000070905,0,0,94.80130162241107,2,0
2,1,30.29780207430486,3,1,67.1231411014855,1,1
3,1,34.3236621763855,3,2,-71.2313424785753,2,1
2,1,53.831009224893336,4,0,50.439767074527964,1,1
2,0,33.370544512839956,2,2,47.24957899962298,1,1
1,1,66.42356359852553,0,2,38.52223822073418,1,0
1,0,37.91713503884162,3,1,25.520090347954238,0,0
1,1,5.349321371818551,1,0,-46.015032861922066,1,1
2,1,40.546782695463456,3,1,74.83466894467784,0,0
3,0,35.33621738835889,1,0,50.314652976581236,0,1
1,1,48.05653855715844,0,1,85.9958781724738,1,1
1,0,39.424538917779415,3,2,-43.3990206894874,2,0
2,0,28.061616224227166,3,0,56.84958998771815,2,1
1,1,12.85982469194888,0,3,20.50169246021843,2,1
3,0,27.073674397995646,3,2,39.04561248635093,1,0
3,1,18.0927136410698,1,3,21.06517792513635,2,0
1,1,21.872671702733882,3,2,58.63678844652637,0,1
1,0,38.240097661888534,2,1,24.01921707141259,2,1
2,0,53.37866306091969,4,0,-19.543831327728768,1,0
3,0,35.525401417521735,1,2,36.234845520523365,2,1
3,0,13.257637131507419,2,1,21.50544768036048,0,1
1,1,36.22443735508197,0,0,27.913712564684708,1,0
2,1,46.752840813039114,1,0,-124.20276232596703,2,0
3,0,21.46303933952865,4,2,65.44916809486656,1,0
3,1,28.123759666579154,4,0,16.581482750007737,1,0
2,1,30.20563472620876,0,2,-34.059525126895025,1,0
2,1,19.01142361684864,0,0,77.20561232555896,2,0
3,1,39.075926073814024,1,3,63.18192065989359,1,1
3,0,28.306725919491058,3,1,15.961310382532044,2,1
2,0,35.87345421469839,0,3,-24.456299596480918,0,0
3,1,17.5751095107706,3,2,40.723505999289245,2,0
1,0,23.875583795472252,2,3,38.03219814479285,0,1
1,0,40.1133390095888,4,2,77.29237986659732,2,1
2,0,24.780335870715263,3,0,10.25695977183598,1,1
2,1,54.17749391726767,4,0,90.5511846083848,2,0
2,1,24.40509340139557,3,2,5.527602836547402,1,0
1,1,33.145586160526406,2,3,-33.94575744257867,0,1
3,0,43.05627164622326,0,0,-23.48185501838678,2,0
1,1,10.142879738937555,2,1,28.94183458235484,1,0
3,1,5.3486766322691395,0,0,28.789789056122117,0,0
1,0,8.640811596018672,0,1,48.065195896788026,0,1
3,1,47.67617744798055,4,3,27.57167247519638,2,1
1,1,22.273985957505744,2,1,79.88860728715214,0,0
2,0,65.81478999935553,3,1,19.20638917533377,1,0
1,0,22.10053361879656,2,1,-65.8175369786994,0,0
3,0,32.583718244758515,4,1,26.0662622651761,0,0
1,1,51.58953933595026,0,0,-66.33215570055758,1,0
1,1,58.08530043422772,4,1,45.29815806888719,0,1
1,1,58.86105007290957,1,0,83.80245695026088,0,0
2,0,46.917127228304,1,1,-16.324999827843442,0,0
1,0,44.33687536136047,3,2,101.50927763320068,0,0
2,1,38.29537728881657,4,3,73.29873099169312,1,1
2,1,40.897055066332925,3,1,91.11752761533768,0,1
1,0,22.283399971400534,3,2,41.28862896529692,1,0
1,0,18.5452156320877,1,1,-16.645493611839207,0,1
1,0,29.95275759624667,3,1,70.25995596289275,0,1
3,0,27.617415284651003,1,1,1.3945555683513327,0,1
1,1,23.654807309418146,0,2,37.7763407990644,0,1
2,0,39.749424264394015,4,3,23.60380135262269,1,1
1,1,43.37427291998715,3,2,87.1100969830479,1,1
3,1,31.237696408085863,1,3,67.78602329024312,1,0
1,1,50.68542113477366,2,1,28.05227588269383,2,1
3,0,14.016352402130929,3,0,-63.628752483467494,0,1
3,0,27.288767570083948,0,1,0.8738541400691453,0,0
1,0,19.964487511560733,0,3,66.50689218473644,1,0
2,0,3.8684873609771593,2,2,45.72540279128263,2,0
3,1,28.84247039820221,1,1,-41.65787478623021,0,0
1,0,28.29553488263403,3,2,-56.52281065097557,1,1
1,0,51.188296405389835,1,2,41.579948357715374,0,1
2,1,38.83136358376689,0,2,-19.79580121807303,0,1
3,0,15.661384459391131,1,1,-15.07902658104127,1,1
3,1,55.95729592867863,0,2,64.95777871035004,1,0
1,1,47.09447173735494,1,2,90.90970024036802,0,1
1,1,38.14936784856062,2,1,-4.784399324778619,0,1
2,1,26.829222616102353,4,2,29.8067449270035,1,0
2,1,16.567850685871285,2,1,28.361913366766334,0,1
3,1,24.789105135005258,2,3,23.95399886987068,0,1
3,1,45.2424806758586,4,3,33.989325331658634,1,1
1,1,56.384208283084526,4,3,69.06844746416766,0,1
3,0,51.605409395810646,3,2,-1.0222929897501771,0,0
2,0,23.156108094992163,3,0,-42.738599191287264,2,0
2,0,14.325355933953844,2,0,114.81048674658426,1,0
1,0,31.972407456756855,2,2,85.38167430001246,2,0
2,1,5.2418488821200775,0,0,-22.078255691220498,2,0
2,0,34.52434799858694,0,1,38.64596843002171,2,1
2,1,27.93356379181864,3,0,81.52440606471941,0,1
2,0,23.47548897384461,3,2,68.70315328177591,0,0
1,0,7.674157058264864,0,2,54.638652186534955,2,0
1,0,37.19040149197603,0,1,23.658882312004557,2,0
3,1,22.54218824473324,1,3,116.63789232803593,2,1
2,0,13.621164300055966,1,2,42.82208475051354,0,0
3,1,-10.211670985943087,0,1,6.7669962932861765,2,1
1,1,29.61479132929109,1,0,74.68271071343418,2,1
1,0,54.81152235337642,4,0,36.7068734556196,1,1
1,0,53.257629003670175,3,1,49.140088635427496,1,1
1,0,23.600652407792193,3,1,41.954310877969164,0,0
1,1,21.56903115493507,0,2,56.342003114578574,1,1
1,0,36.562839585050334,2,0,-15.944356416561142,1,1
1,1,16.022603851363918,0,1,-39.10421297133041,1,0
2,1,34.225086597472526,1,0,102.27250343844563,0,1
3,0,40.725123897385664,2,1,44.229643527669296,1,1
1,0,47.17706513438031,1,0,69.77151659302037,0,1
2,1,28.59784292928066,4,3,-54.228201788703686,2,0
2,1,27.148567497522478,1,2,84.26747232701064,1,1
3,1,17.708243785408143,4,0,6.447203377567387,0,1
1,0,18.42367504344196,4,3,-7.504690173643176,1,0
3,1,26.829295513378625,1,0,28.89471478603267,2,0
1,0,35.14311709542649,1,0,-15.921030316583717,0,1
2,1,42.790184767265494,4,3,31.915146786945257,0,1
2,1,18.755494690475174,2,0,25.319420996290162,0,0
2,0,50.8976399654333,4,0,83.95939935646025,2,1
2,1,26.204269585404038,3,2,106.15388060483401,2,0
3,0,29.700857879121894,4,3,104.59427384923758,2,1
1,0,19.539036491930474,2,3,-78.9612339904097,0,0
1,1,-3.9393636438211814,3,1,-13.823174662320973,2,1
3,0,42.3766355490547,0,0,-79.46945142729575,1,0
1,0,40.31581455929407,0,2,-26.483571447316507,2,0
2,1,26.061414200345013,2,0,0.17360766571226094,0,0
1,0,30.93787004114821,4,0,52.11751914612023,1,0
2,0,37.22314904785739,1,1,6.523271509865523,2,0
3,0,8.124358003588402,2,0,7.8885665235163565,1,1
1,1,22.59326251715187,3,2,40.906469476788395,1,1
3,0,41.11970551470558,3,2,-51.756172615182734,0,0
1,1,12.439948075630507,0,1,-9.091064495229325,1,1
2,1,34.10981105033281,3,0,7.325725334948743,1,1
3,0,11.007854735272328,2,2,22.082302557064136,0,1
1,0,36.53001975406937,3,0,35.770745521051715,0,1
2,0,29.50101924783523,2,0,105.53183969691905,0,1
3,1,7.388154577322869,1,0,76.50847189297363,1,1
3,0,46.3063509624004,0,1,-5.696191200104806,1,0
1,0,19.71571792482731,3,0,19.194876086878075,1,1
1,0,18.656465881798667,2,2,15.85748228248595,0,1
1,0,32.8079687612332,4,0,6.806526690483558,2,1
2,0,46.080922892002015,0,2,45.353275465224584,1,0
1,1,15.778494534302443,1,0,-59.12919809557451,2,1
3,1,30.863517897871603,2,2,75.1550050123177,0,1
3,0,36.00343100462802,1,2,114.98398874505241,1,1
1,0,39.70347850168402,1,0,18.777813507080975,2,0
1,0,32.47018177388115,3,0,17.821143169226392,1,1
3,0,24.861610252833486,3,2,39.6951681132249,1,0
2,1,18.413736910917926,2,3,81.9499128710503,1,1
1,0,31.206014362649245,4,1,16.109607875955128,2,0
1,1,14.990053832201504,2,3,77.7633131389851,0,0
3,1,-10.898906768924505,4,3,55.936238950208896,1,0
1,0,36.11183725820735,1,0,147.71896075622982,0,1
2,1,42.65508777520674,0,1,15.895561257047497,0,0
3,1,-3.081054097585735,2,3,-64.82402193832085,2,0
1,1,15.863770134060875,2,0,-38.214016913590186,2,0
3,1,38.66815965407277,4,3,32.5844836326077,0,0
1,0,58.80493657596378,1,3,82.36622260701682,1,1
1,0,30.29111190745571,1,0,0.027052119384531892,2,1
1,1,19.807958822792116,4,0,20.684309956108827,1,1
2,0,27.43944982453224,1,0,65.5572941292472,1,1
2,0,49.24826986807459,3,1,-15.296397443044427,1,0
3,0,20.956501492256507,0,3,2.0477994394539216,0,1
1,0,18.81131190689645,2,0,-25.21860769290278,1,0
1,0,23.241590689451545,0,2,89.73317655124553,0,1
2,1,16.653399484378028,2,3,107.54196777802198,0,1
1,0,31.717384423927136,3,2,-45.39133448515996,1,1
2,0,52.745498418573845,1,1,25.032910549577064,1,0
1,0,34.52310982362441,4,0,100.9556897781823,1,1
3,0,26.467050970231973,3,2,51.53606399748965,1,1
1,1,25.914642235182384,0,1,8.027277583044363,0,1
1,1,8.1153286782468,4,0,-43.76194386093404,1,0
2,1,42.363536880060224,1,2,88.49428303932035,1,1
1,1,28.91027924182077,3,2,49.66524553228038,0,1
1,0,27.47328120973124,4,1,-40.176332999346016,2,0
2,1,74.70350594982804,3,0,90.30466163987455,2,0
3,0,34.18254071711961,3,0,-46.419774526135626,0,1
3,0,19.47492529866742,1,2,21.196178445796832,2,1
2,0,24.030993653122394,2,2,19.03387953476567,0,1
2,0,46.07823992875457,4,2,111.30068511354392,1,0
2,0,31.585785747528703,1,0,19.208736597872523,1,0
2,1,9.864108303556865,3,1,19.032508371264477,2,0
2,1,42.86920508405285,1,1,-34.790838899986994,1,1
3,1,20.645982802454085,2,0,0.6205137261283227,2,0
3,1,56.22616886704564,4,3,-8.047477583151476,2,1
2,0,45.12067292000508,2,1,-5.495895934229942,1,0
1,1,23.737493460777483,0,2,32.30794171970179,1,0
2,0,47.934229064291586,4,3,-87.27464290628703,2,0
1,1,30.949977147383645,2,3,-42.00128202542798,1,1
2,0,41.938831451711074,3,1,26.560075193249418,0,1
2,0,36.78625944212265,4,3,37.94147947209265,1,1
3,1,18.15100683012777,4,3,20.561792866449117,1,1
1,0,20.990302347555534,1,1,30.001070000536906,0,0
1,0,44.41945144613626,3,1,11.953285930892683,1,1
3,1,25.313145350508428,0,3,31.093274441746527,1,0
3,0,24.348921514612044,2,2,53.27296879284859,2,1
3,1,16.628283889109056,1,0,52.92955270569537,1,1
3,1,35.93038691830846,2,3,-1.758962161466286,1,0
1,1,58.87534886940403,0,3,76.83964223956455,0,0
1,0,15.05453920044018,0,2,39.698326030662656,2,1
2,0,30.33907239341861,4,3,92.37848386064869,2,1
2,0,49.771087775816014,0,3,102.210749132087,2,0
3,1,28.885020522559987,2,0,-38.693609347289055,1,0
3,0,36.33320514749627,3,0,-10.092349404566747,2,0
3,1,15.126490605943683,3,0,71.86385395855697,0,0
2,1,35.99629936090708,4,1,-49.579728586318424,2,0
2,0,27.379980289936316,2,1,101.58867117197529,0,1
2,1,43.80021993951808,2,0,15.14977245417953,2,1
2,0,46.62340472190652,0,0,60.17661872034189,2,1
2,0,66.2538909882606,2,1,26.296857519821963,0,1
2,0,38.11486442499006,1,2,-36.227086861400664,2,0
2,0,34.56114843215033,0,3,83.72168550446679,2,0
3,0,32.7213802220827,1,3,166.78542849632916,2,0
3,1,25.055671900650363,4,0,6.7645944585711035,1,1
3,1,34.73877380846368,3,2,16.204431008583118,0,0
3,1,25.864380258053586,4,1,-97.80587762008591,2,0
2,0,32.3584536677746,3,0,98.22364226934992,0,1
1,0,48.44636549851144,4,2,76.67650081925814,0,1
2,0,15.908404086085024,2,2,-52.9358092406908,0,1
1,1,45.95829985580664,1,2,-69.17938764029743,2,0
3,0,48.439610942758115,3,1,-63.512332875098,2,0
2,1,28.347040622124897,0,1,63.613287143268096,0,1
3,1,0.2940314138796758,1,3,68.50457956109003,1,1
2,0,21.490492180677947,0,3,-13.243363274070624,0,0
3,0,48.157923651855526,1,2,56.46374153775712,1,1
1,1,29.679847127815652,1,2,39.78497892856647,0,0
1,0,16.00976874787125,4,1,14.00378436414329,0,1
1,1,22.933151102804956,3,3,79.5396445075797,0,1
2,0,41.768680371063745,3,2,-27.04184446017389,2,1
1,0,37.65426995481931,1,3,88.22942146610086,1,0
2,1,26.65495061162428,2,3,-3.6975561467032847,1,0
1,0,24.864458234594373,2,2,119.29529741638518,0,1
1,1,24.515385913386496,0,1,-17.259995150591863,2,0
2,0,17.086257417020967,0,2,14.772968148593776,2,1
2,1,52.615259652572185,4,2,34.87076973957531,1,1
1,1,25.487513431041243,1,3,34.56360884330168,2,0
2,0,47.04021929155695,0,2,56.05059653028668,1,0
1,1,51.29842472691432,0,1,-30.99843849408719,1,0
2,0,43.97635257407144,1,2,30.171691995914884,1,0
3,0,23.957315621947323,4,1,38.76845361373333,2,1
3,0,35.65222126471253,0,1,6.140827022621789,1,0
3,1,29.661261510527172,4,3,51.79887225551146,1,0
3,1,17.348173949778207,3,0,-33.972125760901264,0,1
3,0,34.54102994410244,4,0,16.003759436516503,1,1
1,0,13.493442923762764,2,3,-4.906022095779633,1,1
3,1,46.627511438461894,2,2,16.151884452098066,0,1
3,0,23.495357837822496,4,3,102.90473753613895,0,0
3,0,32.81623518221975,2,1,103.85633058171261,2,0
3,1,33.96603020164599,3,0,94.25040656847979,1,1
2,0,26.37533036814292,1,3,9.349393276038281,2,1
1,1,38.213713220653844,2,2,76.47329556321014,2,0
3,0,23.35134880728466,2,3,37.505744219364395,0,0
3,1,42.19816216440142,4,0,34.23389547164742,2,0
3,0,11.156284476545522,3,3,28.20929396666071,1,0
1,0,31.769314113649767,1,3,118.16247501157713,0,0
2,1,57.14500598681599,4,0,98.92609167226672,1,1
1,0,15.995361455521953,4,1,68.49992450390778,1,1
2,1,20.511570412652077,3,1,23.6552526899793,0,1
3,0,37.19470989522481,1,0,33.938477154473546,1,1
3,1,32.51414494715437,3,3,57.997763622348984,0,0
1,1,34.908821389829825,1,0,6.441163319152903,1,1
1,1,36.84861982206729,3,1,77.9774700822607,0,0
2,1,38.88610055986478,4,2,-13.141010460702418,2,0
2,0,45.535797787387125,4,3,51.20034071187286,1,0
1,0,35.73746119699918,0,1,-80.19606193983886,0,0
2,1,26.622392835340406,2,3,5.019692196495633,1,0
1,1,39.41603181683824,3,0,133.8061795130527,1,0
2,1,56.59834708853302,0,2,82.77338322520363,1,0
1,0,28.14312755064397,2,0,107.23795404679167,0,1
